distro1,distro2,distro3,distro4
-0.16323693469764544,44.657227029778994,0.5886566019958477,1.0057007929207564
1.0246168881917082,0.8880848481266822,0.1173263049283352,1.3406239730188712
-0.0030743641028618818,2.7667526502211923,0.06755313961810099,1.5976918131025002
1.40915715051434,6.677158062925058,0.010988903500036264,0.09952836910336789
0.7342566161938072,7.765299040598807,0.003178295483367683,1.2409992162207797
2.0066990758140535,21.032928774783382,0.04376545795884601,0.675384811450737
1.185330398335065,2.5920370885819586,0.018785403553983067,0.643351595818311
-0.5473113927592603,1.0818819658882775,0.11982176215149917,0.8226175847996331
0.5172610876787888,18.93793768277467,1.5210038952187308,0.4593779027405573
1.8414189427409413,2.7963614832252133,0.14695014537414275,0.6912222438381467
2.90898072260076,4.279951137962284,0.7862227711840377,0.5393310982669005
-0.9394573847621936,8.47409122752669,1.0113145612896766,1.9039625585564157
0.16209765375359764,24.693587449305795,0.10811272757958404,1.0690639312949766
1.4979488682494966,15.001274912354798,0.06338612854374631,0.05393691190809485
-1.5407987554359535,4.998211787806924,0.41683502038455544,0.9402627717094711
1.629784376270524,2.3559492427251754,0.05686888027427526,0.7491266289652956
1.3782517268939285,0.7992132290522502,0.23422975190653264,0.06203948381317877
1.0104649991490633,3.433228309613297,0.6735437575151585,0.9733509974164853
0.7820059919071706,128.75793777876984,0.004300787974405655,0.9733237857606106
1.20534034457912,26.838446332639545,0.02039989652128041,1.2624522185181584
2.513711965467045,22.398767724877455,0.26131760015961397,0.47345648292035447
1.4321379052237193,1.0612912677986097,0.8747788547885206,0.3163525854573268
1.3041856395411682,0.8872441681032277,0.10123614734891703,1.980267010421744
0.2242687885480541,1.663693380390489,0.09063181166493335,0.44105040298316944
1.7069304543053272,2.244110846606331,0.1563148926750684,0.17216850342969403
1.6616713578995255,18.247847459203875,0.3109039684333644,1.8162579307092308
1.5802337817915488,137.293233881631,0.009527712044615787,0.9011673646709304
0.008272994526949073,1.3608093134954737,0.004968644837889959,0.7529464074221325
4.2441262873005314e-06,6.193064513652251,0.19338841273749843,0.7484304955142861
0.0870977076561027,80.8945322820464,0.14916916036880293,1.0616839571813599
1.2774923115405992,10.046100290516332,0.14934618357352328,0.6234257687727707
-0.06649140550476185,6.085095964351748,0.002430937389097491,1.6971532543605286
0.3407577331821121,4.8063491094102595,0.0008141947249785832,1.1913151968362603
1.269350897167671,2.0521318951175394,1.7290435579753072,0.1284930308514088
0.6240766481277055,33.05837725557261,2.1250921417169595,0.30498206263298583
1.758658535786743,2.4934659238870363,0.7699364584134272,1.0162788151697002
0.7548395722751278,1.9390441167316903,0.0637505086027996,0.5349871149332904
1.0856558340461215,1.829529647141478,0.2379769590430646,0.4331070004275723
0.8937464258249874,1.4468066786902145,1.4544658063751867,0.8286979261243652
0.36536012646095417,14.432764240119413,0.48478337538201843,2.5446865086492343
0.9835077923433004,3.5275475351908874,0.18421450121849736,1.2336683874777628
0.7071168355523754,0.13147491407535694,0.007064035817681538,0.46613938745265
2.9630443352668356,15.478023617287743,0.535295838644611,0.30114549833071025
0.9554334858950964,4.012688210145926,0.10255007211279527,0.5414285268151395
-1.4372300623617371,8.039492997208407,0.4133095167515363,0.4612488609145422
1.3723168212800596,17.21872471577315,0.3759582091826917,0.3777404801745783
0.4156860934289862,2.2520202207507847,0.009109884806923001,1.1004238687248855
3.413670462817661,1.9601960128487552,0.014126110162870954,0.8594461857517974
1.4342576121225592,20.245992132757664,0.07026487190910621,1.6102646861352903
1.3321684898243327,10.119931350733331,0.06379106827630637,0.6107915609136332
1.0737532806670655,48.3651625087945,0.0970528428701196,0.8707018211307066
-0.6696923370671328,0.5652256189779945,0.07477297686428916,0.8224872021032695
0.24437948890707473,8.809660115608168,1.5819786068976422,0.9681199587859338
1.142957978113089,5.093412601310646,0.663555148451058,1.1648795331290196
1.6919124645708865,5.738377182356671,0.6460689818715531,0.7263469340278546
2.197764817984344,0.1681595978992709,0.4553113921410058,1.3413995942008508
1.8516922012553434,11.985252017027223,1.2539457741554232,0.47371932755384566
-0.6426214520024915,4.208969862186621,3.538061085720221,1.3362896717844541
1.6000067880615274,12.25104284406234,0.15387608641524905,1.3100755601819893
-0.9949704644682775,26.678406548261954,0.051310655715615834,0.8013742078766521
3.1666790522598074,18.715269908050978,0.14624757333060656,0.39796129153736126
-0.38630551528036494,6.203549180115023,2.398697851082323,1.1138419467124947
2.1029870636146066,0.48979063010571283,0.015609812953136102,0.7153500619975318
1.986277811568827,14.864551349801946,0.16727712447362517,0.3470859323939654
0.47061153918460086,13.546428431416413,0.07525533074353119,1.092076454776177
1.399398040032456,7.14890626833796,0.9787824036808777,0.4134891661961385
0.3474795298510882,32.026446137325095,0.2603842797547851,0.3184355818079458
0.7700041933316767,45.81883149482962,5.786585366445203e-05,0.49153833234471817
1.296306317746912,1.133624195306368,1.1033767571397797,1.4807214536764874
3.8278603800920386,2.7062053653919684,0.24079814363189297,0.4139089062961221
0.08611099111923937,19.098596259161457,0.1258337637794613,1.6186274204130673
1.88857420171461,4.602217415656327,0.48770435587686106,1.583193184859954
2.3683102356686296,1.3520798547976978,0.686062429386305,0.4275832002559673
0.5156051682838163,24.58077565439233,0.5936336123445707,0.06983796770116872
1.1644920762210516,5.088348562413897,1.258710635145953,0.8918440290406942
0.5050232922695543,4.391597765878697,1.220973423856206,1.2089837719249221
1.4225477409466412,3.257052794550829,0.14739477464359343,0.2242687765745547
-0.15520470895023375,13.581528450412321,0.1745502416639882,0.783098372147599
0.7005811459346469,88.98468139093379,0.04022671128482984,0.6526359360004977
4.052714189833029,6.900772052527837,0.5287079050570024,0.3683903296153482
-0.6930185369381743,4.6828482158885265,1.7515384044114988,0.4874302971324065
0.9864501762734785,25.00180733832373,0.015412995022418007,1.6178703511621777
2.8008593197476945,21.851290524933855,0.2716618691691962,0.1780598840187643
0.9466850131146638,6.534835760264052,0.011966248824645776,1.2006178126046312
1.021009458366986,8.11474183808253,2.788029306841163,0.7400720422661741
2.035157655187624,6.381850891552148,0.01563222133344541,0.23008810042043804
1.6290345005405198,0.1456212096384941,0.018356973486230842,1.094690120820752
0.004895433332147814,0.35486396954639626,0.020960986627738633,0.2400123712402436
-0.2623370607533688,31.41322486633593,1.8378173244689384,0.3057295707621358
1.6058848280213482,8.149296730341218,1.595389463686294,0.007580796359738112
2.0076737607736845,15.784673682440346,0.05736582849740188,1.1481261913341232
1.3691687198955114,3.2434087239005334,1.4758969380270281,0.7126376054796576
2.365538193144671,4.947781033938497,0.015642194125811457,1.3299804351359052
0.3753245443748815,45.99706558078772,0.24947716153011834,1.011910503643935
0.9374869497132885,2.360518822898449,0.1492495340507016,1.1998546814873257
2.980704607551377,124.4852650750214,0.09780191812050563,0.5987610682373158
2.226231266698023,27.230571342970435,0.08034044564693504,0.23022436401040358
2.5211781228666057,20.339759255994675,0.13069630896944215,0.20112817503048497
2.1750491760606945,245.32076988297032,3.9405670272765425,0.4662414736591063
2.3947649747239135,8.182315109061236,0.338355939178701,0.7856436990351954
0.4378521818840866,30.069291281131054,0.007978966886290163,0.5090192610862527
1.7825245274283517,16.75084996994807,0.17150752562778962,0.042604193250741995
0.14239032487132064,16.40817929717236,0.6841391221667648,1.0504113802251562
1.408905969852956,68.7033718243561,0.002260593172107126,0.1644427141037394
1.5092862980934392,8.83454441409013,0.5314196029003863,0.48460869216239283
2.127683711018662,4.809330353667275,0.7397131186359621,0.36328401731512033
0.5828821204514218,2.2239777660066413,0.002400270784750135,0.9418140714024933
-0.926586827921376,11.646803472625127,0.011600108709158943,1.4075144223980944
1.4656126614586866,3.792323120292903,0.0024951353072739527,0.8548907313952786
2.335219137269987,195.75048234454184,4.106310034977102,0.19851907929574353
1.3132420451286402,1.3494458555139877,0.04174610029701866,1.4925560376373097
1.840879780524332,2.2658125891057677,0.07153149816388081,0.04127370992472465
0.9218566881740811,15.063785909812857,1.9751979184775248,0.8846569845803783
-1.8344636878116418,2.5192387274950945,0.31543876281986744,0.047278939706566304
0.48164490085969924,8.65758691111838,0.03762241456930097,0.10780182851750662
-0.3132111381255036,10.200137580922979,3.0698021696685185,0.8244836601090303
1.6747359416660386,1.2717847388798535,0.24394066023100142,1.111785924753238
3.169382241979441,11.605196008570946,0.1208174634364736,0.400106453641184
0.20790574415420782,27.072639754237244,0.01673394353549898,0.8980255793603027
0.682193723547287,3.557526142747224,0.015191702742172434,0.40272854606815794
-0.7556994586875831,7.026836009896067,0.7772821953091942,0.4781183781513161
-0.24858249846914116,9.025350817812882,0.005972865177472407,0.3350812008259084
1.9753776432249044,11.156635825710248,0.4456779354330009,0.9833363113706517
1.9170499720526373,2.4733230932961026,0.6714576662633817,0.20968614077816344
0.04266532817514024,29.48529065296818,4.7566947373808843e-07,0.5468072526936589
1.1974766801296086,28.394469468666962,0.6538224584821288,2.38555615022401
1.5124984655414875,30.21210521429693,0.013379231449833441,1.4032162348233834
1.915352082318452,23.313129167775053,0.046148343148975465,0.23812683451859612
1.646941154892117,22.193111514975705,0.3346828655106765,0.48573714662493245
-0.02266602114935079,1.682769982699125,0.06051845570860286,0.5769364880295104
1.9374499588675174,26.158969580139996,1.795735035580919,0.7408475487975236
0.7772081236407424,1.8003546512658988,0.0471740660771984,1.850878205839193
1.180086469023744,23.270295301374606,0.10668861768775126,1.12893808406871
0.6312616491911134,50.63076204134968,0.027592358609275135,0.523777091667437
3.0262278382496235,1.6733367541116697,0.00161428105286219,0.6554492766591306
0.4857049106183309,8.314287064152506,0.4766134740115289,1.3183147842450282
0.18113736848770168,5.270014037720489,0.20764406650442024,0.5556782859237667
1.3798830172000998,0.43150074643023345,0.06659059464839215,0.40236198421494285
1.3371635326260836,3.51328114597417,1.6934519642613606,2.7664509842773857
0.011644410567174246,6.15287957988795,0.06910616539229793,0.3585560797596645
-0.7984395209428732,21.629577899810723,0.5975113674169903,0.4343113779378805
0.7938718617622536,3.0407539224934617,0.01516529134111327,0.8095785309637121
0.4070606383897819,37.755085718656375,0.05867634861885153,0.5184612600157813
1.2207813629685924,13.626637371595487,0.011623000118222022,0.9092193346574601
0.9670570725003979,0.9870471727735322,0.26898553428553296,0.7217704945183885
-0.6349825947173939,25.773421963389136,1.9025991210326536,1.1706839953585022
-0.02382246903745444,7.696916157321367,0.8257289454594888,0.6397833958370174
0.602535273825786,1.7057002646219637,0.23518808808354813,0.5268642080220339
0.0627581532736341,10.979529823940037,0.2615849944829459,0.07862863480134562
0.6954321952625039,3.284773025412613,0.01906123155768901,1.4025470330797514
1.6498308379585118,1.1653328935741425,0.5589054300898229,0.2430935893464879
-1.2749098192432546,2.612195484869936,0.07369407386774644,1.2339279720194938
0.11992820717672525,243.50517743130334,1.132855715078108,0.6141048228811383
0.1963477961211425,1.1562980969855388,0.23143562513209073,0.43013729555255803
0.8778100578100722,18.797222346335115,0.4690786601066474,0.8399643746315736
1.9470814156743872,1.9615505106252702,0.6344875075231726,0.16867035109857112
-0.29958238423492434,3.6970984844353625,7.146102301986715e-05,0.5230055828112383
1.8738074398555116,14.879881487603475,7.505226581670597e-06,0.4710258013918754
0.11066022584332247,2.1768884829605217,0.004136524723296992,0.39745424110394545
2.0712747940807317,25.068437543313603,0.04409920710447471,0.516120474168811
2.9832589564873,17.171023719300997,0.06477385471223329,0.4446845766471774
0.4962014616153346,5.430529795915622,0.3783382295406484,0.5931215979123462
1.5569105234680454,14.405671641074651,0.11071338904658594,0.19030136729313576
1.9746673467211442,5.761598040407286,0.20737160500363677,0.08104457659478095
-0.7942279071039269,24.251286941120178,0.40269934802605745,0.2943777239190762
0.8817397851320379,3.6261387855485663,0.9712031798999893,1.353678455024494
2.067047337711358,21.097281182054346,0.20662016222271112,0.3128972317511724
2.882753085041071,166.37215435567384,0.00830944618300921,0.19670164512896443
2.474422420205065,1.3983032506211366,0.6523981715974271,0.49236905899718036
2.1153337768009157,3.3552785918676067,0.5365091299866945,0.41281435327800936
2.5769121312050753,17.129517915973924,0.16162495573104232,0.7776424336184302
0.7431257628793726,0.579950592250666,1.5303172923490984,0.982328558206711
0.29118192359444506,7.6563084234636625,0.03903163129352318,0.18514767395001572
2.677561133287597,41.96215545310697,0.0009716120926451294,1.1670948704086042
1.7567806567267885,13.520078466088739,0.030123059736650325,0.7242266863270603
1.0629209431785587,11.092654700092746,0.5002411626044602,2.587783253328761
2.093364895265747,199.4129255993117,0.23747108091470281,1.3161108859794004
2.4763925786751346,0.19283646541851118,0.1616887195568911,0.49321332783877186
0.7956007630089929,6.225150673396909,1.3016653926968769,1.1835778613087449
3.8978085495906027,2.9742866213914616,0.5384409855172952,1.6026670278571638
-0.11388381453098217,13.276948472640719,0.8406639850382556,0.8803777244729659
1.5254150450796744,22.42606623719441,0.12981187794312468,1.1250332622414765
2.053629297322848,0.514915157514047,0.09493699010677396,0.38990503267722043
0.3568362673306231,21.461672388906546,0.16160509068915033,0.3886589556522208
-0.057230995398868556,10.242098493995078,0.01137664964587962,0.29080056735254384
0.571011815284572,0.1950610993855115,0.00023548161715459333,0.8600941175041741
0.19671466870134247,3.1969474455421576,2.3291328265783955,0.6703437142533943
0.5744357120483874,0.7828228786849645,0.05311634079545542,1.8319385625139817
0.8097412361809272,8.914384367732453,0.22967084187489875,0.2466595440211314
1.2723677067559187,3.7149540376604606,0.08848291897598119,0.6979794437388114
-0.5435359917278502,8.265100616524103,1.7302620099124375,0.22950035518388315
0.7755334503842295,144.68431515847152,0.10162098232673115,1.5001925928860564
1.3372800935489384,104.37933187797702,0.037294992374691645,0.13012302505781181
2.0952665715734096,43.8649509670425,0.17769709295728497,0.26576223567110374
1.5548947226156147,5.413892844048738,0.15899945802524282,0.5698003010032141
1.932319111681298,5.095078833616845,0.01953141917166008,0.2043033937771226
0.8379617412464004,373.1565568000023,0.07023730548664711,1.2310612784864672
1.87242696393494,8.165821250340631,0.39338369863747824,1.1680874654440394
2.2199878240034154,0.752084397721942,0.03925555054199585,0.6661503176157334
0.2951214168960601,5.795055518223483,0.19283118097216656,0.07952826790312591
0.9078051161895364,52.03947758428278,0.0017306658459358784,0.058626411744473354
1.2638301516590318,22.02974651193883,0.9047688111351697,0.12147869887285659
2.3892566663951307,7.922139473046692,0.32137113074611123,0.4869043646231912
1.9396453952108663,1.523708752549069,0.2272067907711395,0.6132860084882563
0.3260145712406002,30.282162973795504,1.13131258367507,0.15594749802063976
0.4454874374847865,0.7572257559265811,0.1418734795228399,0.7534987878893409
0.10963022080853313,10.840237650201333,0.053039958650806546,0.7119048015238505
1.2959184657402998,5.4733184481962915,0.3239414566121262,1.3858771181755611
2.0378969906607147,15.721267091038623,0.9838122688551703,0.9428091283890568
1.031889668533715,7.4419361151242285,0.32999442796040157,1.1674026601967065
1.5277982978826996,10.337627494435935,0.0021177123085295148,1.473970525454195
0.6376877382161752,2.236972432863565,0.032846951868425796,0.49106355527695034
0.1131345972549479,23.303120878374887,2.052020542029773,0.9731226729777641
1.4547537670493143,6.702044245793577,0.0009064701568723237,1.2591990351195417
0.8816982036680805,1.8417931658930549,0.4900980008211724,1.0310780008956006
0.7402754172194218,7.62382047703531,0.20292071904074094,0.6824191191427142
-0.009118680607269836,120.61659898625284,0.07390088107398489,0.7063149658461124
0.15223719502992772,17.653081330952,0.0708376257049113,0.721682702042248
1.3555089496498087,8.005013042097712,0.8444614709445223,0.8202453975930979
-0.6816865470162903,0.4564431706042321,0.0015005217599150017,0.7526442240083829
1.7126016658875889,3.0572938887492174,0.053293647387362496,0.9141480058131299
1.1633945691505359,62.22608800776841,0.04949372460613514,0.44052591448279216
2.114917671617656,3.4580469106928584,0.2309481250937622,0.41187611248651756
0.11172102698660968,2548.1173551825727,0.0003224076509135496,0.2692612800571378
0.4198835110579069,31.91791200781205,0.002610807249067319,0.32233580820585783
0.47734284974389685,3.069880724082199,0.7156790796864622,2.391875477458599
1.6328851888063922,7.125054953030053,0.12856738586487815,0.9395603173499638
0.7023578910697414,5.4182822586879045,0.008337839823900165,0.1754979495628444
0.9967962959051658,1.3656048297617576,2.3924631389340836,0.4724061537084667
0.09768861268462137,19.627875644598078,1.9871602318383066,0.3203488075134238
2.580558160548925,0.618716471126267,1.9182661850904243,0.900721525529762
0.0650331378533634,22.883285828026718,0.07571556761893829,0.27143187625194426
1.155434062828494,0.8367558480783962,0.1354372661037654,1.1932220352578045
0.12947310139911428,1.564650926990076,0.19816874444402366,0.14912367377467559
2.2791156703907474,5.208666103182966,0.0049527667491004864,0.32369287407353103
2.34059980625375,9.291929867830893,0.3271047952590227,0.7444206745146493
0.8408626065124163,11.762450686197282,0.0017335950591628013,0.0971770634088752
0.7883772517488241,3.7344685742166024,0.2164941814651235,0.8986042151819341
0.004271779176637014,3.5766954168209946,0.04177963154435707,0.3749432764724512
1.2837097686455072,2.801875654880881,0.3312262978629851,0.9284695787953461
1.7730191306929748,3.495696613489167,1.6457048035286002,2.478607968943276
1.8606431016428164,0.8146598096801536,0.3123481175091181,0.9925714511490329
0.4978646201715903,107.8105608008368,0.005398886081164095,0.5718292367046209
2.6672204600838363,18.83649336899741,0.9271199000014445,0.8022866005234568
1.2720406058271971,1.8878236659896743,0.4964779520478867,0.5775534391248136
-1.6163594220442121,0.8168546084130461,0.6362833411617003,0.20525316691613635
-0.8195019921683597,45.887333750977895,3.351186800445153,0.9530473336482713
2.5826997363238924,3.6704182783890746,3.417285144467189,0.4337152953150539
1.0868841157906197,37.650827573139594,0.5242752310052472,1.0526081735065957
2.361527851896896,9.042984084598501,0.508675127465802,0.49742292111127595
0.9866161029973727,38.02993030405114,0.2567027828870081,0.7713025864176464
-0.2964360221215343,4.445064655229751,0.5364052438733359,0.6397653685717697
2.57343324937645,7.041673433463388,0.5539801837061783,0.6961298361402243
-1.6909631968689158,13.432139652041373,0.016732740293782456,1.2427714539028685
-0.7918970286250329,15.318417030496864,0.8085055894337361,0.27896815229112704
1.8631819459812693,50.06312817946711,0.020737768951302422,1.041583104376595
1.3867912798739648,2.960917115379042,0.0952968442124934,1.4411750328341186
0.9989848709893361,1.9216872740519806,0.08801811122348141,0.5048257549461321
0.25129571663044015,5.2525463191316595,0.1633708254361202,0.2723100687283453
1.6686637104234094,19.550452823346763,0.6801681716232746,0.4777017508310486
0.07608452279453204,17.47927693767794,0.04052146351274744,1.4174532207201396
1.3408371809627309,16.405601284400163,0.022245887548761795,1.0497047161368451
1.6419494872319986,59.47770573638465,0.3744885800888563,1.1351483021634428
1.235024050549353,63.11531172345607,0.34732623509061816,0.8486009056940406
1.27549320354567,25.838568371787698,0.09623485289120698,0.24082478047738554
-1.60294528679903,4.392677994949859,0.18657771403483017,1.167975118944846
0.9390576513768965,0.49010881717738897,0.9749497129305873,0.01984935570128643
0.4559137989486829,6.5981503141001205,0.012929255099825562,1.0284576611265297
0.0596016428124343,11.125640798980237,0.9388548694790346,0.5598189923101425
0.3709901437906332,3.2923325752771953,1.0400876489995183,0.9347037177941422
0.9948534634803124,35.94056646710325,0.8828664517714605,0.7897593373730597
2.6205063396976436,4.018733375357224,3.1634946063214198,0.15163473995702959
-0.8486667909376708,135.26973338284088,1.2973049268718095,0.6024487428733981
2.2798860070716103,1.6102077885393251,0.7761737414612958,0.7926239862828393
0.6016847700358523,0.17645548798955804,0.41060375872910515,0.8388970073912184
1.3634539394903682,4.695825013585526,0.1541599349566122,0.44013806182208326
0.15384355202686695,0.9327731267087969,0.04576026672392846,0.687280914402659
0.7436373909459565,2.3297370904853785,0.12664599865094642,0.2808885800895053
-0.9902624196787453,10.15729253746847,0.36068182563941364,1.851457306022397
-0.055054976851556026,3.29358721272014,0.5295174193426582,0.9354131996409931
1.5085836634724252,0.11185460382688013,0.44728039504997424,0.5254751082009317
-0.6406027521852826,0.7542804819101457,1.308153204660351,0.18317958048522498
0.7036224562969704,3.4369341693305104,0.03979060640107693,0.3484847914771638
0.4581328576206283,87.06981548487919,0.04765884242160028,0.8291681266137639
0.5121660906635599,8.500247612090625,0.059078240836384924,0.39870376758497705
1.740329003988772,96.25664745526709,0.36364199205508296,1.4422881951137363
0.35490288251709945,261.10147572362206,0.5110357943434902,0.6464435347141677
1.101055779140677,4.6674294425598974,0.23152613376156136,0.7453334327467428
-0.21232224523113463,13.979092253737868,0.28886403569416347,1.5529387062888202
0.7690562628438318,244.16805129941392,0.03203916036483133,0.42697207666344483
1.1946468970344393,106.33534061738764,0.07068341977998857,0.1400486987153427
1.2087612047613787,4.217090188988404,0.06000339276185786,2.4178762925904964
1.1278797408465933,8.424512013347613,0.09245727028331147,1.021745683856546
-0.637683720707301,19.410805193749283,0.17375237083547107,0.5365089642800478
2.2434727347654833,15.800971247287046,1.5364670771630917,1.5131520281754633
1.4865852232830183,16.333987898571234,0.1820860155661814,0.8866525538450607
1.9599819286573545,4.62193598742595,0.17139000005356264,0.7580727006657737
6.364195614405599e-05,2.06216761801033,0.027143852131637416,0.22755899544852307
1.9454224642903606,3.792567612806455,0.011367871802933093,0.38032848789141904
2.2317524520940992,76.27749644440823,1.9741987214754024,0.33202893590319493
1.4567717624398684,13.541859446704091,0.0008626014555337857,0.2066114877580021
1.2363288409505273,6.1335411521115955,0.16323040671724998,0.5983748580165267
0.6071219516784971,1.2660332183206766,0.004427096139031399,0.8382456701052684
2.1110863364110637,15.05072030818546,0.3721814873700898,0.6192376929607499
0.4017705727445261,3.522034380636729,0.0035964528950952397,0.7300716268115077
1.4576907001770945,3.2045047405413385,0.6418384146157244,0.7670029271981996
0.5132234352817258,6.424500276502354,0.06714664773404691,1.0590142627516979
-0.15088629202699422,38.60350823696722,0.09863567639790825,0.3614349090351804
1.4506775696153007,2.835348579900031,0.4165648276445069,1.055898987719476
1.3609673204715769,9.205389829604167,0.26524669790249256,0.06799155561773575
0.35868497848185577,61.93576552264547,0.00010564200253342773,0.8661969895254386
1.294306729920767,94.05706512520084,0.45360042641784054,1.464240492236022
1.3078874935982818,8.862297714496163,0.5028189503882731,1.01955666674174
1.8343598567088975,5.665399465344686,0.6256823267979671,0.6244661248617444
0.49643300548578906,10.160240053341102,1.0043092809373768,0.42428427609440383
0.031226973863726193,0.9487354098557713,0.13176781090100592,0.6628289225865273
0.8859838707243888,23.20092060526244,1.183289793570316,0.5952499054750028
2.943052495982471,1.4741426516425578,1.4578690164429842,2.917128658410652
1.9751523776097732,6.609028436477527,0.008374700334562673,0.8543068523346972
3.158681688799617,12.518617850483164,0.0005129006410434255,0.7324335216111335
0.572986916643971,62.705181018767504,0.4894539847740643,0.5054558880948762
0.3563597772246131,2.1084241666305514,0.3327279033638971,0.32647411410411076
0.43375542452218874,17.714854623790185,0.02385627884112265,2.073978400085401
1.2596184854058807,8.027129289277081,0.07364407909162803,0.67464155055334
1.1833744103202748,16.317363823117947,0.6003010663324816,0.9206157612157423
0.8037419057940297,1.0603720085129607,0.5388995893860026,0.5097348511360562
0.7277509530184512,3.1182638308177304,0.3541113876877563,0.2426642020218917
0.6504838730778983,0.9396717884076626,0.026561329762506344,1.4249387589557232
-0.047271419472356246,0.8858739766206473,0.9104656649500747,0.4404018481766128
0.7531902472072507,1.2268269128643918,0.006275582363852977,1.0323680291030113
0.8809765989109565,23.433222328474212,0.046417631722139134,0.6758257690290105
-0.13930670845863324,2.142443384769063,0.12801514799082545,0.33192174383385686
0.5469125545570641,2.5692738590761235,0.412942625031698,0.16976648762518215
-0.5020688612255875,7.3786698028175834,0.09898795063582473,1.513994486119202
0.34244849494472307,0.98403056304172,0.2283791231413587,0.5281533321402829
1.3654102334020377,4.54484736992489,5.1288946915947624e-05,0.9938514129507349
2.4005835108688527,3.9895100057312916,0.11500586852798833,0.8635394809767922
-0.3517712384046108,7.17586726047238,0.05640424892533683,0.2210912204428279
1.6282864704359985,5.154135794788502,0.0034171156646991907,0.26720568533442196
1.5175557568390934,0.6992995986886713,0.3446434935029816,0.14136853915914227
2.377826192409615,11.714301447001219,0.3676516727628377,0.14274244766401742
0.1562695846207106,7.828119478901711,0.009053639697367034,1.6340319724292112
2.0945973031827223,6.185362694722277,0.5837234469891281,1.2460139274047242
0.3945630902997749,26.86660582636727,0.34736669624557476,0.17229099155504557
0.44034002788631443,8.047104713603192,0.1441021107257471,1.9511135196522027
-0.3758205324205921,1.3872056147016865,0.24248147010784016,0.30331864033603995
-0.13879889007286805,1.204320619562817,0.004696995235769591,0.2956280314624928
-0.3372126976539256,42.71790288937833,0.22993004143342144,0.46560450145450477
0.8250534679828344,20.436477484548806,0.022470719686794347,0.6762130818495375
-0.3098974931254903,2.2541167173849863,0.6907324202355528,1.2185203671105842
0.09856829309761539,0.057839147652474526,0.19730053167994638,0.6146980304309149
0.7475350526546813,3.4942270822739996,0.09405059009317349,0.026941525331144873
1.4026688363126802,4.903923972515011,2.0132480384766422,1.3986774733415606
2.6719023253865117,1.1647107436747668,0.2544559017722787,0.558263833758561
1.5261606521308688,52.424911350950595,0.09911387403369361,0.7466175181451085
0.263508635824373,5.245873650954757,0.0940969376603735,0.9253754070249001
0.5293199308341829,15.014485889001635,0.3014730960901618,0.5110238188121811
-0.06648366267136385,68.17523618640456,0.06173524432198543,0.6374740212981638
2.076026339980481,2.7573684613908322,0.2695547401297798,0.8626768959642986
0.84178516859097,5.753032225401305,0.6943814974347291,0.7403863829293903
0.7072817066534944,22.00953120140178,1.8200674569022592,1.0286690552849922
1.0829595491698325,1.7677850395871695,0.7033217379972624,0.45348859355887916
2.052143211056042,78.56785028042587,0.22846304211944402,0.31483313401951996
0.8709976972787223,3.9113143066588383,1.195872944838459,0.27439087747683577
1.086981316751723,18.147161699873205,0.008348950908527362,1.0921348457661173
0.9887953689852546,5.592502472352722,0.01729192633472097,0.4755178723142766
0.7409335008800203,15.151688739138871,0.15410949716828917,0.7755366622139558
0.949930782966783,3.6128175396314997,1.0517142015958492,0.8331848459224166
0.917071159782982,34.56598953119958,0.2864163026318332,0.4800651459790591
0.9806585652339838,21.81121075064268,0.1659257837588661,0.5853500054639238
0.6994552989277414,3.296178674056441,0.582230166276871,0.8113726975229283
1.3010481410254557,343.28940783561933,0.028418411672558867,0.3828929299328137
1.3926649095055865,16.63662416636202,0.34614213023128365,0.9770425003462109
1.1892229221863482,23.14240795909937,0.005477602965255283,0.9722783344053024
3.147926845510481,16.650443328797177,1.5217885874359998,0.9107273500574786
0.24385061815847753,4.386407282838569,0.8310852328361152,0.20559808161634693
-0.2377666912126748,34.41925704858375,0.08429859584171748,1.8032664433751444
-0.14727614718326376,38.98729939281193,0.46820056286688233,0.7953725812601227
2.608561176594158,32.55893073071659,0.0013966598900222275,0.2823446229355249
-0.19132222846863534,10.506549460344827,0.2772627627896489,0.5163315896217147
4.496353822090407,27.876559356011626,0.6983011187209162,0.7209221827975912
0.7202742622999949,9.447953274246386,0.27810811196412777,1.192960378373114
-0.5142470810342223,5.647872787348973,0.0024960168041571118,0.5957867917063298
0.8153469219238724,1.3669398193879518,0.26097415601224266,0.9958844896244484
0.7194855123475609,436.5486904217953,0.008668762314073857,0.6729396375415517
0.0529499360697655,9.799693743010385,0.09473923161992448,0.5617538470344667
1.0865951824276883,4.192057773057847,0.5291805542210726,0.09671159198477472
0.5382203362648899,14.276618949853312,0.16813703732552954,0.3321107824851002
1.4128735024995738,0.8269093982775321,0.3697231236466898,1.7293229736579858
0.2873456365296857,17.203552512890482,0.2246857284937287,0.20131373814854236
2.4188306238683306,56.93268418761604,0.000590695778499047,0.21909515477003164
1.3334342255595673,161.24032498937814,3.5277900021379804,0.264061107825713
-0.09870828255427,11.544980847206316,0.695960066444193,0.7301147125336152
0.11631383901865378,2.605637688019202,0.8367087519711596,1.0742962074127227
2.7057135240868058,1.1653644127883809,0.11468795829347046,2.714878124303757
2.0007535734959685,1.581256279990021,0.1614038337685235,0.9970667180799334
0.538600476772795,12.986961053807539,0.7449927945461887,0.26892171302362716
1.0734178531048997,25.88017534832773,0.13376381134604534,0.5080807366716019
1.345694367068496,5.521881817779022,0.04490761461117281,0.927959749650547
2.122079106606285,7.227204967977106,0.11876867906191435,1.3461464453213552
-0.6811343777808572,18.475515428288656,1.0150141929612768,0.33552916578243636
0.7573427610832674,3.36233799368868,0.14340541520573202,0.19185222655854128
2.3323672107629476,6.278544382451464,0.008006707496790008,0.6172485359649665
0.6262697108732207,0.5164025673503975,0.43434114874941465,0.7986449723407218
1.4404982188109747,4.517405836440678,0.223838111057522,0.2641835755340796
1.946092073581645,6.279158897201604,1.9630622265080309,1.1633747730702468
2.3998992849165566,14.415926751646577,0.18159409939585328,1.4613731660913876
-1.3025044004575488,1.3612948326131462,0.01427561670974099,0.6529612526440525
1.4765586660437842,2.767743526211459,0.8072220306846573,0.45193962005986976
0.41835250911054733,2.885983381462222,0.04608972649088137,1.0381126412109285
1.1220211448556183,11.982301873999619,0.014704672914374859,1.0744435757778112
-0.10616165654720966,7.49276455119703,0.27697527539491607,0.6356126454514108
-0.7716882659234576,3.745640307330253,0.08300714727204607,1.1203373883875682
1.1591341874693408,3.249822573643815,0.5021733095974119,0.22357832153601628
0.9216058679559673,0.7771811384127651,1.2818829617691212,1.9921161181789928
1.1136585024266643,10.831889967886614,0.39902039519921995,1.2983662687394393
1.3776120805101248,5.2698735517041495,0.3164332689914896,0.059419735994440184
3.7402353471353478,21.26443371537386,0.20139222096289575,0.3226036419182547
0.05585065071203532,23.667060339411872,0.12736432505767895,0.2352377033867349
1.6875360703837587,11.091193134179537,0.2676458193809652,0.39771220355081793
1.6066412863927688,7.559075812594669,0.0237829390318631,0.5894890501421713
-0.11316680857334327,4.551530765229975,1.0360050712143802,0.21434228961838275
0.20477211366462278,12.574465668935702,0.3119848316694484,1.2287798185471879
0.19378618313353357,4.905022008857908,0.35104663663171054,0.16786358465966764
0.6609178373285157,5.317980083997593,0.8041784984672768,1.0730008900757166
2.7495800460796973,5.917991775382851,0.189376797933666,1.0267693931513227
0.6416891431107261,7.7258240986590785,0.3173359061844507,0.27150476278387164
0.01428878155681712,18.24624002771873,0.3051394432012628,1.5563921071682962
1.3478629450147919,21.96757491982004,5.975115978757966e-05,1.4548616013929034
-0.6512007245244262,3.2858550287488693,0.5223995957212959,0.4404584860838938
-0.339526364127811,0.7921763462387552,1.5183084477907782,0.5459257363181937
-1.2793129919783617,6.920748883183131,0.0029369897706568284,1.1633318998456552
0.571496690059504,18.53082942253119,0.699345238737178,1.056014715222293
-0.15230000783357145,2.5683984385977547,0.10083207402875899,0.3861377396687385
-1.3915312290895039,1.4202709776155074,0.7931393401755608,0.9953901814081795
0.08006765186643428,24.344070095338644,0.031145901452206182,0.6870787416016365
1.5412514863519577,6.7762256605966185,0.23952505122359466,0.24862897892029837
-0.008706911026297615,7.163594375923288,0.05991821326677722,1.0442996205981832
2.0028027282239087,27.239003672115995,0.6842321008918602,0.5900910641597061
1.3463949336844152,1.0368053009331561,0.1580301076546522,1.0458648811307607
0.3530952799373228,78.38891087520986,0.21924954823061604,0.15285649613918584
1.0312208793166644,50.82221847004062,2.147773227293428,0.999172500860956
-1.1620060154076066,2.8203035103829874,0.20998037487826354,1.6459519375661005
0.6734081470221995,72.134384874167,0.005833794134205745,1.3797188363679274
1.0551522458950011,4.616007933717229,0.849934411912674,0.7942891186280043
0.19360243211156536,0.7082068042374332,0.4045239973925468,1.3666089769889789
0.42215202937453855,4.487049051852491,0.2826449990488324,0.62762478943235
1.6361487610947547,34.01717484319878,0.5235642818583766,1.0384837628063135
1.1902832123997236,14.025305720374636,0.021200700712822984,0.10755731588822429
-0.14264270918569455,2.0385862605281293,0.25514630452170495,2.0527508922328845
-0.4799142325741155,5.913255850098442,0.05724444018187455,0.48965853935089537
1.2881622279166403,1.9172141569195786,0.8140521952556903,1.1382285599128108
0.06388692081370262,57.66281717304291,0.30763437394982873,1.19149529886261
0.7048874879405995,2.1033408370566447,0.03981133591220877,0.14753555193461684
-0.38770404019782,11.401875422352335,0.22938047340133194,0.5833476026219542
-0.32338393835433954,6.81863397422704,3.737916049623776,0.3433427695041664
2.389770895156895,52.99337975786817,0.0504466938315507,0.3749210222523845
0.2472156599003844,28.641297102352983,1.905150346152258,0.6262914472005541
-0.1211370569992638,1.1206143159267672,2.426783183958091,0.8699924195398272
0.32654756040767674,32.599187933506805,0.01589929836904325,1.4771872051503045
-0.7084101524923503,14.318260447589529,0.0016917437348723061,0.7937959153871166
2.649783053571314,13.239112366270374,0.1397017098579549,1.015481556483659
2.3991582454206304,0.843573083812091,1.0869629783617232,0.9539312307598226
2.0101332911568295,0.26949782361971375,0.4442998493674933,0.8000245862543633
1.3267786259518926,0.9534007043570427,0.3135929235578434,0.43112803457442644
1.8767935459720047,5.552933994409486,0.5101606351169558,0.5330123986202783
-0.24430861851951313,7.089063622201793,0.007356444122082008,0.8533280838037571
-0.5296666649695658,0.9845604800640884,0.2096405123537326,0.5140980773113996
-0.1083311647978078,220.26085570948086,0.4445636417470131,0.26107968264274256
1.044197612297238,4.190341898879553,1.2881747219474666,1.881614857045667
0.87287443951024,2.6790010113356146,0.3876833944857199,0.3140857221616625
0.35770307055333783,11.277762648081573,0.01157142006958872,0.23065880876608746
1.5613014169991213,14.188248162916315,0.36463261191970364,0.4244853792327291
2.087398878025991,5.074065177011935,0.13520503913742116,0.48407436373918283
1.6809862006300307,32.59395749991302,0.45462116908398303,0.17179549543249525
1.4048456733533738,61.1439540204071,0.032083376032102484,1.8324928923593398
0.9062146116878993,0.6249408995982385,0.539488942650534,1.0573969070374516
0.47519637672101045,1.4636778061702767,0.19838829483958415,1.1296661517443878
-0.4123796828634312,0.1232782203818614,0.029618335341897728,1.0343429780452822
2.1166443839020497,3.44335367565673,0.3978672273949021,0.6380778213762519
0.877032229266196,68.85000643040232,0.039073320135005175,0.23714672961833877
1.0990068699548237,13.474378356671158,0.09078004711561803,0.7091924506460374
1.9013891668070153,53.15511025100935,0.3766349900315724,0.2342766244952424
-0.6851959046841154,2.7275867949862898,0.04510075250712402,0.3086721376923068
0.147874304911904,2.795677761483473,0.003935055209442413,2.147367849854151
0.43325580712868095,3.8378352727016924,2.5042166436969664,1.4544974543095812
1.2912915465148926,11.405513102516645,0.7405509120795449,1.3233052264499854
1.111915194471824,9.305754989255455,0.14363801346754826,0.826773737940513
1.116790651029346,4.88045748055909,0.0018742784227242096,0.559647629892017
-0.3047806020236705,0.6198671310585239,0.32495636771976844,1.7085788119429812
1.0988746725578025,69.62043367273664,0.5810499772548721,1.2024469906496762
2.6825109950884247,10.984289402146718,0.0011606978379476195,1.6504301421626844
-0.9917803728067076,2.8286494931102864,0.265004130853569,0.5585969109786721
2.581974565316896,23.156643623883998,0.881420868562839,2.2278483168325725
1.7409470928112964,29.220752474428334,0.20396614393051282,0.4128845608275241
0.2508294528688467,24.51529892002636,0.6794327279087014,0.44487414464252445
3.048585995457054,3.177958617784628,0.5501571340441072,0.9258551453915479
1.2892516696572391,17.2054446809167,0.2452105399137995,0.8308971792092991
-0.8260245110508095,56.718314271390675,0.13979499579163523,0.49335935284527266
1.1052818583911854,22.954613295332198,0.00047498914112105835,0.2958982408928541
1.4039553803560862,1.5731809440564424,0.08770609018757582,0.16729051918072912
0.5069290566865412,0.2273468348382586,1.4335791213933808,1.6084705866684619
2.8633747944024948,1.0568639368139126,0.4456945377974212,0.6843739455295266
0.4873626827794344,35.039590344749435,0.16665269999948268,0.9123476375089341
-1.0735267652155063,1.9348740453376159,0.006741810211506828,0.8832904391265729
0.1256386233138358,6.53562687644213,3.023543115856995,0.8728737537645908
0.351071153681759,0.475901042612781,0.247286259911454,0.7085231431891991
1.0078678756850747,2.477291643961879,0.05481341066807531,0.14257581826954974
1.3144508938330355,13.931428199556137,1.7986170188382766,0.2659862759051745
0.6274902651028413,4.274707305363306,0.004284319988209175,1.253636824823304
1.2883311149821257,1.4025567325963542,2.1573281898733483,0.5147682762791765
1.8212964902633537,2.2883514599875387,0.41853010549586944,0.48300921755497045
0.7212084198434485,45.067353951257246,0.5099432926877634,1.5717960279684844
1.5652278443531684,3.617255334048242,0.240584413105713,0.13272697545514342
0.19433747227517795,42.569717491676435,4.096837263003981,1.7009761312211145
0.15326038525361407,1.4279203002864675,0.6624264947657807,1.5063033551374145
-0.8932626945849054,1.6178560667853452,0.01997459252303597,0.01919163862062761
2.3539111081875785,173.49923994601082,0.0019994568589549104,0.33613801473499944
0.038717611761808324,7.953440417401222,0.3104633757633458,0.5949801754538718
0.43613053297819915,19.4954892715967,0.384287363688029,0.34152761583983926
1.0901369454510776,5.822623853049348,0.6336378979217453,0.023741954887551073
0.29704992251096807,3.7466954316479026,0.5370986612017399,1.3137608732381965
0.6819907940122387,10.068518770931307,0.6634921185294059,0.2648420322436918
2.165025217117303,2.1671661546116994,2.2877021338638923,0.8205548800699694
1.369885613787409,11.879900779019096,2.1273316070704134,0.647958862779343
1.6979141391837613,21.112198382242394,0.13027254622036005,1.2927545117093013
2.7542693800595064,0.45177680795061165,0.04926862521306244,0.607159524376459
0.7743283906327765,3.8140070592242337,0.461638982014203,0.3094200077865501
2.493333686964342,11.877559101068035,0.0044437523559963665,1.7606304706045783
1.605548484694849,2.232460404665785,0.006590648638479574,1.2885458122707139
0.9725554485696521,9.280118993752275,0.12301289055075154,0.36377884744675754
1.0104535790412832,15.72111921706488,1.2401882735989807,0.24803602893148569
-0.31239485513626675,4.303640639992034,0.6092382524851432,0.35876310232792397
0.6845283316309325,1.2557187685424172,0.6957653944565602,0.16126839540390167
1.7048563896739415,7.1538770591045315,0.793656140276228,0.41034679514481787
0.45456108538757145,56.2669911798972,0.0006442844047593629,1.4021364347662475
0.5762348528088566,52.21899586898902,0.22724547836059342,0.4399941778757526
1.6172320725771052,2.2422276108686567,0.17067587695385422,0.07340779758860784
2.1613086767569305,29.189344613061927,2.188598011039148,0.4366329953684307
2.5796028216027773,7.471717798296619,0.0006813958362050601,0.5792707599129504
1.819857501646827,26.699792070131508,0.11198831856008509,1.8220598650001296
0.22348494418046738,0.7253415359632293,0.03798496682535975,1.2423450797771276
-0.06319441235637013,3.1729209532861593,0.03008361559478995,0.09117859039708259
-0.39072425685346435,1.7043623996344595,0.22901059940374124,0.34611812567158506
2.3386928299496645,3.4485198822579393,0.00036143009094725953,0.6475872528400098
-0.6328455382663567,26.173369549897032,1.1593596614114667,0.4463156452836763
1.3458811942918012,416.4081700591302,0.5569472422229048,0.0843741360726272
-0.06073471541283526,9.720292260728412,0.16674249049067114,0.9191541345874251
1.7919730083888812,4.990373916531454,0.0859351699886051,0.05642958389573373
1.640366702787464,0.6360813085708711,0.10208687984028618,0.9845173007507717
-0.8347086755587976,6.646060385953289,6.739948025977006e-06,0.40681064985617676
-0.6536435942297176,3.2917221622058737,0.680547071086342,0.3798420344214814
1.5655214984774757,5.617843625716487,2.424046051326901,0.9340431244106636
-0.4072930981731435,13.690076466203067,0.0005178099021351165,1.1100054795349716
1.785879917499153,2.4825466622921137,0.173801966929008,0.019217604224242457
0.164581095820302,8.372191883575244,1.1594036789411353,0.5934960654157527
1.5078943750741831,16.502819662416876,0.1393537858727962,1.062966837153427
1.5226016677769154,6.450663617067466,9.64434346261635e-07,0.40593317688979413
-0.7029200018649819,3.3526225821984292,0.013496712344068263,0.24305559996257364
-0.5134128000220888,97.04061845820054,0.15470275192893015,1.0930669885090163
2.6672875935929823,3.0578728059316367,0.009115905382748883,0.4080852378039801
-0.26315774675945747,38.66768570203395,3.1134392533222455,2.1550748316185238
0.03607274501058522,5.1997139411307485,0.8737674286592835,0.6964005759346027
4.113192136507938,120.21126251967043,1.9725731691387673,0.06458409307221
-0.02612157260213488,2.086220916804048,0.7878367000892199,1.6127623377413867
-0.9034503181356002,15.69582411205448,0.6044364679845885,0.6746589736338171
-0.6485411866409581,21.80285340552533,0.0510875906631044,0.31153038807514977
0.9766631258772954,15.661021999453654,0.0008605083993059171,0.4885241304682996
1.336876574984381,0.885330307890442,0.0994524935775143,0.48998248406221195
1.7143162861038221,5.035591932079307,0.2508809254387589,0.3008595647847938
1.5658790523427748,7.861733593954423,0.0910536911689047,0.5679150737199005
1.641832328375265,7.546242970373923,0.0130883637075036,1.6919487064564498
-0.01908797760134262,12.549167541098642,0.17252348560820607,0.9763616055245441
0.03654870191599113,69.84489935465305,0.012612560357446975,0.7290668241253658
2.6153489065512794,7.249955475112234,0.044314284605691104,0.6764397253342922
-0.07243026599277069,11.403809961360084,0.5443708154531194,1.6319564214271045
1.1063945922875118,7.156349501378704,5.4056282342519846e-05,0.9311553019657727
1.1515914197935992,41.68358536951108,0.39785045201122826,0.40690083652913667
0.34833319799215223,0.39337780099613245,0.9019454345639927,0.7336386253495499
0.4483633540404388,7.8099994398116666,0.12779027652715233,0.18247563480152038
-0.23232450417455786,56.56161433084352,0.2348432936396088,0.9332682332911442
0.34286319831010215,7.821601004800559,0.3806362378455028,0.5575510122624787
0.5823826342843642,3.297958482669638,0.46750727448716173,0.4099211709927299
0.9178388150101446,11.61120147167376,0.0003040701364260113,1.20503161288494
0.49088466159447397,1.0130424796163742,1.4942309446016495,0.04067650155036716
0.18850843482000923,3.0262889656732743,0.6711454593154405,1.358876819603772
0.09216450238406004,20.646829867360097,1.1077699261574954,0.4900723725746831
1.700319757404005,189.45111636217254,0.06854600658511029,0.2009397983231363
1.7535668709372967,1.895761781398995,0.0004960942925576682,0.44615225882395865
2.8140868892964437,6.709217145604509,1.317718684868984,0.29125519068582423
1.286014167689098,2.602595127449872,1.240189733759073,0.4364512549958177
1.9691479903684934,5.518240585159928,0.16733972770782535,0.869099435371814
-1.4086128357600618,11.439386513663475,1.0797976788419957e-06,1.0388348749202219
-0.267472042518931,3.832373858679234,0.061982945661829915,0.4875533737519877
2.429103660749253,3.064703908026479,0.1245153590925671,0.20545579250109905
0.23257738836495723,17.753214569178343,0.3307091282583067,0.2783530410021075
-0.1720571955842043,0.6485640523927971,0.0032735692458456984,1.2176350340892854
0.6358143544725248,2.5835228564193744,1.1497213240097417,0.48151834221742834
0.11841876380305849,4.500311384661867,0.09473166503688471,2.2444010161479437
0.8948127974323085,0.5310615892700886,1.121057561745962,0.10885576777557658
-0.9325284959963416,1.445432832078511,4.099402776484516,0.9090757458157109
2.4888885658269246,19.99916023984517,0.9403133858476874,0.09332068869025302
1.8286233425286027,34.305813823915116,0.31974525940036364,0.6600968635415556
0.7593356291965372,125.20440346904796,0.002097038003605982,0.516534818274451
0.3985911679336084,1.5358606236828878,0.0005449889172441684,0.1262820763548097
2.2082430798601766,8.190916529486966,0.00041766633290741325,0.22772465471639883
0.2064553097597992,62.67812564327985,0.060626329562385076,0.1584554339953684
1.820757380941379,150.79382781031245,0.6807100777738455,0.5756552462228967
-0.19044510508764123,17.456887381990274,0.612570349020513,0.22656475985691926
0.5997377642973707,2.2330622661378423,0.6256896996439192,1.1883156851239
0.21076281359508542,91.56934227656372,0.4074385631327934,1.018819459575754
0.13064874028498363,10.302227036724652,0.06510616235618845,0.42065400504853256
2.340795583441634,5.044948207273079,0.4886775326884466,0.15090560677342948
0.3031987007383746,5.5984254854788364,0.038160263043497726,0.19733865552153065
0.5528069393892403,2.870569214048444,0.17156643541752484,1.6078801343762779
0.27006364972752783,2.8783379968868212,0.7979711881789874,0.9704880800681934
-0.03340737993997123,1.1175712200363501,0.4069446879411483,0.21765774136872748
3.214123593227414,19.998059756084125,0.2792919058533937,0.9978041152145751
1.3796724820162256,27.512166864487764,0.7441329520363517,0.5341760367674991
-0.8105841808618965,16.671352810296344,0.5406784532450225,0.49791405907069985
2.006357273155764,3.319994465502491,1.1012977944698235,1.5799904451546034
0.49978351174473257,19.698141244088735,0.09481386889802519,0.30669321157663865
0.9088072078400532,11.530897052668992,2.9820465621395043,0.5382042151726936
1.0643366524583215,2.547646036532712,0.09095157673725673,0.8699094753519042
2.619273659210507,2.61222042066881,0.0019501845532118036,0.8314825028556362
0.19665148242815822,0.5984484614667743,0.04175318008350277,0.7180319549962954
0.09625785859640756,4.591643767785181,0.004138281073222543,1.4519410097094843
1.327385185022119,3.052393502310435,2.286701289789544,0.8241613538650105
2.049863495895369,3.159885223990545,1.2524927998871354,0.3757987644981138
0.43082952698226173,12.566855934718234,0.15468122192455835,0.09781402515528637
1.262174679229363,50.181691750496775,0.003279401522644209,0.5492251034833655
1.0459730064370738,2.889447234239314,0.06341094109361915,1.2810480575289294
0.033607884566785984,4.177761336688424,0.5299597821930206,0.3969787989378748
2.047979183484446,27.472594388176756,1.0866964831057988,1.0495950647600982
1.3248518529298488,34.59189240034995,0.26286095490967826,1.7061774738332993
1.7490933949583274,24.8204396595613,0.12004994929047806,0.7097071030730304
2.1342336378427555,1.1098309576505492,0.33458682512716387,0.6386557887807447
0.582716469650193,31.284427067707437,1.2806594633151565,0.6980031802627025
0.8349995732867539,3.0456315127199374,0.04664720425148217,0.42033946457796384
2.4084922822083517,0.8718688906205854,0.15375242490805172,1.2752785285231267
2.449506759493089,3.1341299403118144,0.04963767285410013,0.8213418294298886
-0.9664736955734676,2.36863786124741,0.28835804141306026,0.8176598629664783
-0.3062192023878292,0.878962464958503,0.09100680348701196,0.5881249245296747
0.4772635978344184,12.09358246877327,3.411930686291514,0.11601412319182286
1.3853163823911074,8.13543075117748,0.00022679808162922801,0.4819344337975613
2.6205629356503155,42.97414625339029,0.34855300570608705,1.825674788571779
1.2639049022723825,2.137845353101206,1.81871172742668,0.9353907200176187
-0.016351665519765524,1.1362075640260658,0.3805583988829184,0.7710333066162801
1.2877428035400293,21.659934275525778,1.0930774031241217,1.0422763818887568
1.0197348343438217,16.557614929997946,0.47734518743053916,0.8437867614818736
2.044074255518293,263.12008905914774,2.442048588126893,1.1924262652853175
2.9794734805360283,106.74943298165975,0.00011794008555888254,0.45082126722842797
2.4530026853631752,1.656823125061045,2.672753494011754,2.761983642585518
0.18563759423939574,22.683636591041736,0.8645371136515506,0.19328043869355174
1.5993590184502129,3.141729530569918,0.23461145273722803,1.9114696150894286
1.229063385312474,4.768166576709815,0.04381981615517072,0.493575456777159
2.5340387857439257,94.77077296226192,0.15936059856389437,0.21483010335579789
0.04848441956970673,6.299301190765484,0.9198498710415205,1.0108736566723697
0.9339066119444339,4.867874040736993,0.134348672553457,1.2628276319696337
-0.11266258974431809,25.341709781333737,0.002164089369629278,0.3175374807806999
-0.6370578445252284,7.948227713566098,0.5473377628178258,0.5996484810999742
1.4001725500129831,10.578313574751462,0.019528148565015068,0.4143323756476318
0.08195569308525319,1.0521136685245143,0.0532747008643926,0.5209535119070402
2.567787015566604,7.840538525425561,0.29486624903910313,0.37679065728279926
0.166930224889269,3.3301085869088016,0.008468429806479886,0.01381539810107797
-0.06549470370151855,27.558992758442187,0.0131472796699409,0.4148603522157194
1.364159079181156,28.856495213832027,1.1586460182626628,0.8173812992556269
0.7995676180653155,54.31983940976524,0.10223174355394339,0.09255379720347226
1.8293076205476826,15.145334297646134,0.5147611778228827,0.9360432533481087
1.1404109869992118,3.862173561767195,0.07991215580298433,0.2137099836934262
1.3481821021937728,10.354257690615098,2.3576648888584795,0.9520903500010851
1.4903707704728277,1.362416604172474,0.36558128047545235,0.6391281339580699
2.2660123720459118,10.913097230271877,0.35384325801753985,1.3968849919632436
2.5848888268766474,29.95976377217357,0.5454068781838289,1.2554355122194538
0.9319637287887388,9.891440620457352,0.26934182079466296,0.35866050493260354
0.6286665914409113,4.37120887468289,0.16135760331360982,0.6964433609610645
1.1179014125035103,4.384155259324544,0.5516954471341223,1.0827057165422143
0.8224295975298723,26.08710793597437,1.909771635617875,0.37258865212939973
3.654882032634719,2.4843727380427434,0.14230865205633378,1.0649650370175532
2.184970914189427,2.5096529232353952,1.3116044575438552,0.575069882304927
3.2087856702384814,1.214578434006637,0.5453610666046417,0.31714635863122603
0.5225219820244229,12.002840181506343,1.3998993605921974,0.11198696784528304
2.019947820760336,319.0616636034138,0.5643615073279069,0.6095247008109118
2.377399974057397,24.145634075448665,0.13196642389119395,0.32722944594107406
0.22982137997774765,2.551459543983356,0.02349448857612898,0.5282095648056656
0.6914854171150986,16.976914678639908,0.2980840654883029,0.6367206277497154
1.8388145550741681,14.366203650649169,0.2635971757333514,0.6056842575436798
1.8631746227946833,2.0630638735124895,0.5140561024069272,0.7423450981747687
1.730684518720432,11.121056167890616,0.5289761808796574,0.6105096333814857
2.635389144796835,16.921787935497353,0.031718734708724855,0.216844507575422
2.0006357089419753,6.593669127419194,0.20865600340011312,1.1286625381100228
1.918432395455271,74.04429827528814,2.182563068553004,0.10483643922331826
2.0572935747863306,23.13741297706685,0.19507973607763954,0.38841602397713515
1.1552498413077608,6.982498008600583,0.5462815145790497,0.5174873953400091
1.8630274127401556,19.243785631559287,0.3966924087826986,0.6515316744914714
-0.5994352862665564,17.252238583374123,0.001207014965328805,1.1045257221537381
1.404652535627992,0.4413339587262421,0.03554943136936182,0.852779296978174
1.6567874550440078,81.4183800355223,0.02313562292169153,0.1761813403400867
2.7132796055266413,3.8443826178112026,0.18901552636739616,0.5168004312908648
-0.3119244733508475,3.042154776272705,0.7630670112187473,0.3245117031690961
1.0310319032456416,0.676794021040504,0.26746375348768425,0.10996838357318553
1.595395734396424,5.424748762740096,0.047070776674320254,0.9138895509666348
1.1981385089464127,23.38890910654722,0.19131820597857083,0.3316868846569596
1.6973352670964508,15.500416049272593,0.9958904769563773,1.4454209799649314
1.6682233897814687,179.10446111164495,0.1737584568865841,0.8940863868177445
2.6525572821819723,3.0189933084116056,0.48191651739061875,0.10515892341963895
1.2192646417131339,3.3941919345975666,1.3316157646763749,0.6512737366677935
1.5844491982587194,4.182259244130547,1.2785233744931526,0.46193218733137603
-0.796941332375181,8.242059004249649,0.16499597286885706,0.47334073437282953
1.5352408129489534,1.296589891614225,1.3745956039882243,0.8616743197153129
1.4177662008196914,9.34343089976715,0.05160054718966712,0.365161846281233
1.99429542774502,29.156963544230603,2.613453031048271,1.099213842836069
0.6818185813954671,11.45615590382129,0.11021452854667053,0.582526600378391
0.4712608249664023,6.021592768530663,0.11065977001195548,0.6018457301781112
0.6699910337821098,33.10299278999999,0.516395688880116,0.8097319410206636
0.3433154289202731,9.490207340373043,0.27980297653322594,1.4193593432638925
1.645079316050475,2.098300293071121,0.26779057641539356,0.7889629649151667
0.48251687003348986,181.22594150689818,0.11214228218196169,0.09625002794707788
0.8514720832844254,1.7381040506917498,1.998194859682914,0.09248817699695568
2.365834374296802,85.39542947034873,0.5787846101481455,0.21623140452911313
1.7441295734043907,14.55706524888156,0.09264642380968494,0.8628792167621319
0.5339074222803817,6.902202647826388,0.0016153734217778382,0.29520933796079757
0.42428000520512177,16.999053436775938,0.5003281111991543,0.26645141041625703
-0.6139051653057268,4.124276800553362,0.9294906585705454,0.251376342726216
2.3906704939230927,31.087832670312963,0.0864714576274092,0.648972753289047
1.0208013897359516,0.4571601876749937,0.3235534675750198,0.3913676953079627
1.5330159854999468,217.36687457910423,0.15463761112888685,0.9281278960475687
1.3857573920375272,30.905498664157946,0.4826350000401046,0.04899510281415845
0.8282542721739123,0.7966775577743017,0.41614824266996375,0.9414846321362123
0.8234155307548208,0.7736389416744913,0.6670520940618062,1.9100092724144095
3.307628154017542,1.5053000383977488,1.6294049317280679,1.945313213807175
2.5567847061233686,8.463769885654495,5.5148976709192936e-05,1.4521424111606773
0.921779736450219,41.13118160332945,0.07981357866473776,0.8080456472995208
2.0405632176431885,14.055244681097244,0.17843314115041442,0.5241733042085249
2.1403327126166545,27.11124379209262,0.0008792686808378183,1.0468314633843019
0.5573077538585539,0.18555461950273028,0.9672117514812987,0.8763057540711618
0.8981812483715556,1.4354184248574624,0.634351468904175,1.6450395290486224
1.4626180323420004,0.08195312641287475,1.0983192977707774,0.6950817513252401
2.4334113912360262,12.923279212947003,0.5175019450450974,0.3979430717134988
0.5842888194876574,15.145856786158998,0.07895747763466238,1.324262604623831
-0.7900174934879183,11.504009657221161,0.734226535811043,0.4416740496716555
0.6993615848579913,3.557851183119254,0.4330422148308833,0.5168474392785377
2.0651382263997515,45.77118611825355,0.1591775656699274,0.3560973311350138
0.32529272886337846,38.946285362410215,0.45708407179850674,0.15498972824069668
2.09495038768985,12.741234582292728,1.8032744532227554,0.4230854129829103
1.5631639310293632,3.322861733298999,0.017535342054071607,0.3728172587445171
0.21304901190668635,6.77676665213517,0.42680512202088283,0.050581598098597316
0.37584195276350074,0.45542346194953476,0.5153663390023814,1.2664496521598327
1.162005289864847,2.944564821193608,0.010669658977301991,0.7736190574644222
1.1484906565379809,2.4872304621097405,0.18852533004218447,0.08457045434179472
2.2035275438155275,517.2129375052457,0.248590669355185,0.9052023842960811
-0.8186210564727654,2.296616170933952,0.007016122095342865,1.2860303276847667
2.533811229591201,8.64209887380838,3.463946291904652,0.12413166505479852
2.4665031682908105,2.8721940198006024,0.12651580114699368,0.6347089197823095
-0.5609015794854395,12.252068189779406,0.0004614739018984435,1.3848274830300937
0.27426372096973217,2.4116156067803436,0.055279326647020274,1.5803386614789083
2.0214813872244823,7.2459294320207075,0.8730242008148417,0.8792728658488658
0.6419363299948516,11.510823085288878,0.17138106167501727,0.566302589647463
2.1796425135291044,34.49672272701655,0.16908359858978791,0.49018229722423445
1.121101872412194,3.6636015261892223,2.1184772275560158,0.7804254548866333
0.7128636386637428,4.307683569583347,2.1256052011383475,0.5769052210276182
-0.060427114111529345,592.3472859747632,0.5290160394804545,0.7474750526027525
1.3784665497111395,0.6267745773952331,0.010331164755993374,0.781237183649739
0.34147041516706034,2.3376016217147155,0.021047338431935653,0.21216658844049122
0.0009726797932427811,0.7196357393862486,0.2560437521488562,1.351434436184389
1.2735176436340165,0.6082280953787141,0.004648888526417301,1.1271761622585783
0.7432684427422599,4.12217079801273,1.1260626723973652,1.3912856282499901
1.283635261596092,28.233442441620692,1.2163568758760432,1.1818832741729506
0.7918646902957671,8.601942468142447,1.6748087062019612,0.9869517255789133
0.8931517072918846,0.5088960269525877,1.01260709799992,0.6451552051908513
1.0102519330876776,16.959227258964106,0.549906824097618,0.18552160240862775
0.8737261139466682,28.366114665702252,0.40512851319297954,0.3621889592928629
0.573774648737897,4.428235132256055,0.789388918556681,1.0457614836130766
2.032051685428784,2.0256058982205527,0.06251804892671996,2.134539668576359
3.2804347725942646,9.295453501998791,0.4444959739464854,0.7761452455444188
2.9564461973438787,6.378936114096962,2.031083450631875,0.15431593808344585
0.7954636217631306,45.42956663546257,0.018390839902813302,0.23088914678992023
-0.2206638465253461,3.1471641554918333,1.5856090840150723,1.129618226482573
1.352820358308846,2.1476245298525627,1.657131132185948,0.18303484079415122
1.9200554525715394,0.21534599432274598,0.3721151145501872,0.35380241649464317
-0.12489345302415766,28.398738766266987,0.3279833762637096,1.6956124720964247
0.85268510165361,95.2294651511931,0.3003883472201215,0.25699384326484026
1.7178302551083886,20.365185990057693,0.20587857833418982,0.7672187594846246
-0.4267209718677887,27.901783977989783,0.23657966148980272,0.5890924247602404
0.023205284871700593,16.20632001898311,0.049263403260379056,0.3191867241117452
1.754660202201471,4.730220684233135,1.8375502542558781,1.1070603228744609
1.4013416571645325,7.7441998082702534,0.05771211575975688,1.5754373246717701
1.6182422729799306,52.913510630863684,0.7604104554592941,0.13416751337894803
2.709800140242347,68.72311314409012,1.284298448632584,0.4996081004179267
1.8118714594430818,9.926101577371021,0.37099724148384633,2.2847737523736025
-0.6895073970849004,32.93870961693032,0.017273134096616523,0.1805413104348438
1.140903957590911,0.17633030865443172,0.24296533593064035,0.8268027907701967
0.1981366988759281,14.986696953505847,0.5824254261348428,1.3111746315268196
0.6112901244268629,0.6638368932692251,0.001424934188246342,1.510027241870185
0.34855350203365054,3.439640439773591,0.8288005350902083,0.2518828177768411
0.5932316331592749,1.377245810907478,0.029631818621216187,0.23727167881653527
0.2842152316095119,1.1333244365792041,0.0066352736652932525,1.0454726715272191
1.2486987325099874,251.27366276963747,0.5690840534342299,0.32908272746104367
0.0808153203779145,67.01232262737155,0.29879213040851993,0.30647516611446435
1.1762145092821816,10.631280578812849,0.4751689333652463,2.1287070199890925
2.9557297698229434,3.015824396590736,0.002798564334375992,0.6425423031632664
1.2009000869194542,2.8887578049414957,0.1343498064935111,0.846365720163786
2.622983772380186,4.2111798543986705,0.0007144992962990977,1.312396246666718
1.2474999951561134,1.4237315172217562,0.6545906233150263,1.708686813476125
-0.7980065251133539,10.428453408488313,2.0105984633185714,0.3100606524863673
2.5485736227030427,25.969164191155105,0.09345854579192404,0.5010158076085968
0.24002199011516012,2.2321069825197237,0.38393181394653436,1.1261737005205055
-0.6241816402637466,14.195622658357486,0.04681859122021144,0.2822542781036726
0.9216483456648412,2.072007141264337,1.6823041267729204,0.6089236018425367
0.8334804422237506,6.7635430513875745,1.4903527310607532,0.4189253402643834
-1.266521447559895,0.25864997909487253,0.6122690522262736,0.1035047720062936
3.0598357207675244,2.0353981524515423,0.2610550211075952,0.6721100999563441
-0.45247183990939877,10.231501833914514,0.21066110426986798,0.6347434437925566
2.314882621009218,10.602619742923135,0.05477663848396824,0.8644144928113406
1.633199931796959,19.83265908578065,0.002743584820596931,0.4560616298611027
0.23165709001198098,374.0628523212378,0.005763836341013818,0.07455522727982618
-0.12912617434069928,9.470328215603406,0.21656552420265912,0.5994442219920804
1.408174511364614,50.16903728851654,0.09926970836322008,0.245118844944784
0.41047059689493837,105.86904438763534,0.04581950211118264,1.0410570259654628
0.30020577861757936,4.49670324007572,0.0037872543735680527,0.33747699442438056
1.516024157541963,3.7214032940582515,0.1514700134425515,0.6655364354621796
2.113568616253187,5.55806652879816,0.1799691034867179,0.4309454010415961
1.08963255118937,106.55409488188158,0.9910540090652803,0.8364700027587685
1.017126756399154,14.668985077634028,0.9181334875833426,1.3541158037476826
0.4663658265281868,1.5558972679828293,0.08862627607302011,0.13907008117055963
1.8168567403282947,2.8614995319758716,1.0730814715082575,0.664996760699624
-0.038833596873081966,4.8627966922726245,3.426536357524077,0.9288045881522854
0.6200441497578906,1.4108498601331814,2.4686180006624476,1.440882401769751
1.1727773373823083,2.4327279823901193,0.0038966342440419936,0.4329112386136803
2.476605057991703,30.851911527944623,0.30481681318901155,0.7524604209736027
1.7161159066634202,7.965265514602546,0.15021105097553858,0.2779816593230057
0.35676898663798173,3.1226379553025123,0.7801184908116855,0.37165981581320245
0.6751044425274098,9.56924290679023,0.29817510141693954,1.0226592476822174
1.11069784243738,2.12665689763708,0.33725408765314363,0.09035839786356571
2.1419901879205976,6.058869471612891,0.14756502509108047,0.9220500917820555
0.8701426473108542,0.514580747720529,0.7466841905265311,1.211580264834246
-2.037858674139263,1.4516313849625873,1.4155661703860358,1.2073550507999167
1.855392434805689,24.994511487499615,1.4834455549446737,0.4267467977494227
0.631209235245386,11.365786196858735,0.20636340759042562,0.6079159882328924
1.1136897256628917,25.03845998950788,0.362422227929555,0.9657005468409857
-0.14831950433635432,0.18399813502793078,3.507905446261514,0.715785684122423
1.2165503526261379,0.4654529551390502,0.5259598213354264,1.037508243789403
1.2117935273913019,1.3381424906815595,0.43932738294688456,0.24945050511809386
2.310488826457113,14.266799231332508,0.13227267703579806,0.502296948973852
0.36418240411448133,44.3993104840226,0.01514326630595268,0.4415362522203757
-0.33538312582569785,4.9766103760508065,0.014725128086334398,0.7928864990065687
-0.08925742253700708,28.694760873507008,0.028904680294479332,0.65136332873055
1.1049382237673833,9.180350859324632,0.7303762369866585,0.8595938251784077
-0.2858448737045911,7.954834032507644,0.17681022094281282,0.2385393671762505
1.0213597595674933,49.14764643622806,0.00010952303430370993,1.1470125573601087
0.4695412876811622,4.211881818313139,2.4596299970332596,1.4615796951717526
1.4612152007281023,0.718555445068588,1.3235270376814146,0.06865644899070901
0.4399526556498077,37.98623799744877,0.4000038727387289,1.0721996751596796
0.3103730768897235,4.359727824914647,0.4760738441364776,0.826897508402948
0.6792616548588993,3.3964320959028536,0.22680580869836953,0.10615171891209921
3.557373499385354,31.728210423994117,0.18032034790199913,0.31576810216975504
0.7047064307493793,29.377283381286638,0.027212791041842835,1.1444620687915117
0.4622080836359209,36.832250765321334,0.0012443024140523081,0.4319323825029141
-0.1356069756434255,211.97604077273587,0.11964574659161567,2.1727859072138065
2.161656770092697,4.884906442911523,0.4272964043549808,0.7376331838962248
0.294968081963366,41.70093278126138,0.02983854798231699,0.23034170420185
1.5496168663045864,71.56177057286796,0.40604954661110443,0.2654623358854759
2.2426837768950465,3.4602667204442183,0.1600726681972639,0.905388652157801
2.935034768352856,2.1655851634371976,0.1952009347826812,1.263585331397958
1.1768707058037295,2.646156413108224,0.5533029577996993,0.2631936716656606
1.4922318498408966,77.36286029482812,0.05955775142599078,0.37409777113230436
2.125153511216765,3.033326382709959,0.3533651765113604,0.4420348153161795
0.6107281359233219,0.6585201223061116,1.21889076166824,0.6451306490931388
1.7289212077221179,0.5634708922399903,1.2740130670092276,0.4560622643979114
0.9123674813944375,2.9192368219223566,0.0011349074359187274,0.6387578475236997
0.8777561029825356,0.3632284747797889,0.12715776892603584,0.7559287984414257
0.8363288273725555,1.1532367331719258,0.5448186657197555,0.46710848498866864
0.0607412340743293,4.788576245663038,0.6460063753783314,0.2707622631938244
1.4789596675444718,4.488074744030968,0.06717478831535038,1.4969492050027102
0.23698055536384555,7.157468522633578,0.03330329232394287,0.6650455011928269
2.5183721497350477,19.521864920457176,0.24735647348636666,0.5174802204307573
0.7367262391398066,2.9653515724148605,1.955332524110396,0.11778383116413305
-0.11814648590813759,1.1458849837738723,0.08201162456848426,0.5020744049858843
1.0703613395250158,16.461093044201046,1.4932034990205902,0.9027674070473689
0.9873300004114864,8.966406744193822,0.007001312217814707,0.3389582281584277
2.899318409336079,17.834705988790155,0.5158235794427726,0.42262284169580416
1.6579438408091136,12.158810394580858,0.24875289397198744,0.03124220877920346
2.3448041798988304,5.4271837723671394,1.023980084946165,0.8928820864811391
1.9006064025412226,0.6866639564348557,2.520750252300009e-06,1.0890443459703996
1.054881339402304,1.772221451473547,0.7194446659291599,0.7923552550228196
2.2171932457154693,0.907002950967045,1.5543321993945851,1.1295154058841985
0.19518707804384683,11.05320165319598,1.1861000195762017,0.7425392859707203
-0.9186216651694712,59.85755955887842,0.2826742616155092,0.6788188839959631
-0.8489069832311871,8.305006538281033,1.8768370831828223,0.23044120686280534
2.348858655818149,9.98716778347102,0.18555402874146656,0.4353236581087838
1.5069283511236158,7.726915737851243,0.5251856729791226,1.149460283941587
2.882793627514522,17.042613225279734,0.00612893572403812,0.7550007204037863
0.7098502772789822,24.51029608169252,0.9932626377186643,1.3786799597522794
-0.2736596559644344,5.447833819868049,0.6733887901952137,0.8584235910254414
1.5672955445158507,19.15621532810405,0.00018592233167843945,0.6664975558367259
2.1723806666565633,1.5550114647204876,0.046028521412525315,0.425880829239612
0.769531988668678,29.477784015759667,0.35818703458163176,0.5810177072057001
1.2010790916721796,3.096785368659088,1.347779411576588,1.1964244332144702
1.1206717956256789,3.002553015601966,0.1435370004066473,0.8616462022173448
2.191305234215803,3.9624834905484136,0.1101280230282176,1.7136501081382844
2.010558781761156,3.236414558969502,0.0027356549780176817,0.38717527724237044
2.963178498541212,0.2807017104316431,0.20167076120729713,0.6881930904434916
1.2087563506641015,2.00456105501469,1.8070880844738848,0.8243570443761161
1.0944162656772713,3.328951117016808,0.350346749745334,0.37135763663827015
0.603693875553444,17.740249656114386,0.2139621603525965,0.3644805574839317
2.2560602515947115,3.9760790021291155,0.7160554806200239,1.2878207787541593
1.669078739326034,14.648770409132624,0.015472846265854373,1.0543593100209456
1.356793861378932,81.790373194634,0.065019865964914,0.6378247260141792
1.2832078611802862,17.189508202450156,1.0838000172477418,0.20772545699064532
-0.7824894319616493,7.51165601849804,0.3485883484923085,0.45393551934705534
1.0547514038697745,0.7224620461710455,0.14950295244578346,1.4413601820924853
-1.5634162379461891,6.660150917825277,0.021702298282019836,0.07288804576165252
0.003196773095722416,88.30673325669245,0.04442830055773537,0.3996845678853321
2.253022596644593,5.341579365408622,0.2884132975758887,0.29744802121302577
0.13878573570327324,31.941473544655715,0.02122099050153913,1.3202273584389077
1.7149495351443882,19.383204638597558,0.23772643025138945,0.7720822101357403
0.3616376826426372,5.5161717237945735,3.141496890431334e-05,2.3856871091528933
2.207938930724115,38.00942347714539,0.15775916069764598,1.6158041772895548
1.3188586818685382,12.368523599076283,1.7949416190986516,0.3791356056370414
1.9851136527365285,597.1061263469857,1.3989990260440341,1.0745478744290036
1.423342703563957,6.3723566788033805,0.14468770490278093,0.10902493788405301
1.1961036891231847,5.325994673717749,0.08534053091407898,0.8703255057549856
-0.3156136370041931,0.48369427840929846,0.008999587724004112,0.6876233302199664
1.2818535970916578,0.20280123873124714,0.6870955095986134,1.5992061915868634
2.7746543646993,8.368973196367076,0.19613149163109966,0.45486440559573804
0.06287025691706205,2.1011041690100036,0.0004938033096763755,0.24162739625879504
1.0172894349952408,1.2641463423416728,0.7024736993528173,1.4213669438506904
1.5298991446513122,14.124090105665537,0.18272631938576014,0.2555781368866203
1.7529472401351431,3.10366521977683,0.021920915898907146,0.9131811545402153
0.30671362562630333,11.334660186120644,0.11098971248503833,2.022507703172796
0.5049281748009935,2.014226584091262,0.012838355430471642,0.4970500073588152
1.3224677026863993,4.061153183564516,0.04026077738154528,0.2818236263855631
0.8088669704865584,3.9341413841170905,0.002110431092508167,2.001801533917088
0.872844967697657,17.228454447960118,1.1191886438702232,0.4121829825843665
0.27662713201621103,14.765431066482265,0.6307001581647038,1.2209775431367569
-0.38127545615549363,99.03974204797917,1.4955713662717993,0.5281519992513954
1.4690575693432346,2.0447671361227204,0.08872338235908195,1.9065804036992036
-0.22153613390896654,0.3908340025418018,0.29517385877554786,0.42630034423741514
0.936710063834366,21.90820843926057,1.5387678010643167,0.2731637721431516
0.6665180244811284,6.315272836745241,0.14845916277091872,0.5077353871793612
1.6307633487074202,255.34512149909625,0.20012366685164237,0.10153043909326641
1.7938131491578813,2.3038659338890257,1.2169766592428735,0.9251368814191054
-0.08247314290156904,0.19617244824393776,0.07528586974752528,0.43194879683206777
-0.12609985933146128,2.418157532453578,0.0011970724410597722,0.15565141644887806
1.503398680943398,0.35777600925803854,0.5751568035099714,0.14975304950439525
-0.6603238818085633,1.6810328786364563,0.0569704053619578,0.3290371591705041
-0.09078636585458577,0.8330400254350244,0.18018000882453533,0.37525850076622125
1.393530355558397,33.230005768951635,1.2986593741207655,0.9351089780084263
0.2938129656115255,7.862456712994158,0.0218293960543533,0.07343866533724222
0.4460171193707474,0.781461193709972,0.03848620828539123,1.1804864043903311
-0.73187764270771,0.7580060106035924,0.052515132289043115,0.4242860586464306
0.7217364358223433,27.640380142502575,1.28982352892689,0.8760408205246325
0.6277903468232731,1.5200049806792808,0.26652184182871774,0.6071842181236741
-0.8013768478469869,3.0120332221832578,0.22932357424973074,0.9719677136891205
1.0556807432736957,90.27922240247425,1.302202843835816,0.17944807551540556
1.7464042163758569,6.978131507657255,3.1924280128763765,0.16783789600954355
1.184142252355161,153.1265277386851,0.19458703197644964,1.0504861314615768
1.5251243867273667,12.82212914850168,0.6332489396537808,1.1080325956916905
1.6289795918526109,10.367180723378828,0.01771943545628654,0.5331408296562918
1.2690260964535387,21.547407055484538,0.052919077637159084,0.8121551355993335
0.9452497047083537,3.759527542517513,0.42657660114688345,0.4550981167243799
2.454385784678908,20.731339892698244,0.27605880395916227,0.5617376273167851
-1.0308641973502222,0.8376711949607116,0.1732123281311456,0.5568220048164262
1.6524442834165107,18.30537318549294,0.08510832905433877,1.2459171698573466
0.3537467480167009,3.4299116239766168,0.08152748894111196,1.455008878136045
2.2649694616624823,8.790329860737565,0.1003386059830965,0.5013267034126752
-0.06078519527836401,4.8145256934916745,0.018007259955239018,0.7054785776477575
3.2166555239117343,5.553206142204049,0.000779124859015345,1.2929485511149938
-0.1874202996344878,1.3247432970871962,0.02149652611728707,1.4906427137852774
0.5382156330792744,5.915241510525678,1.1981612012463843,0.22023833318296493
-1.3102115814491264,1.3739979437074494,0.007952041904228595,0.32350331404087485
-0.4341543658917213,6.751481334608497,0.31508597543662215,0.2148346378673403
0.6087372419910577,10.228070298097661,0.3026589261918887,0.487110427298924
1.598433388929701,1.416740058465526,0.4425210264414586,0.4327549471062129
1.900608194155727,5.760986999232981,0.5671451242457087,0.3827956110277434
1.9671289819722508,5.606969305160784,0.0007572635884119551,0.279226299406798
0.010264437074907318,5.794124390309471,0.14470365825677967,0.06280755079770964
0.8947580763577548,142.1383032700945,0.27937610341269165,0.9674570383964172
-0.336117663666212,1.6641412531706221,0.04489874621916317,0.4893374735001714
-0.6980465383245573,16.97126444595674,0.03525117412542583,0.3794220629668914
0.6219695703880102,1.7220529017461152,0.11276259171992616,1.0837806508511367
1.1194434865588088,28.53471840331811,0.3371340781588331,0.85689712014679
2.5209469600879566,7.748393911107022,0.074897828700026,0.4779612643967884
1.610243581901047,1.9957411903116653,0.58699964582839,1.7247335995863076
1.5746866465518017,15.95554696578125,0.9512038790150167,0.4591861761706019
0.2378874050424613,13.533312276019121,0.17906313917609545,0.28284118209950043
0.36014606149864814,9.402269354846997,0.2645532170317305,0.5945017527638791
-1.043610134455236,3.06767529551604,1.1817282703629368,1.3234702338041546
1.7135910155725724,1.8515261687279614,0.22943213993019504,0.44663760204278663
0.4409272655602724,5.1936003487785625,1.3160380754009475,0.25727829729004903
0.237296080272816,10.458727324654532,1.0652014946871187,0.32854154385387857
2.1354301977435552,26.288867309927845,0.552618287723448,0.17326353807153394
2.5535933288965613,0.22372843754935773,0.42585031568943577,0.9574580919599441
1.994600208643932,11.590370940779831,0.0760596327862037,1.0465080336634978
1.6322788589239081,11.196976754500358,0.01844940294178652,0.7371999638855672
-0.04675153059914461,7.0930214276235075,0.06685310933695325,2.01737327459821
1.1690368767891426,2.694557476171548,0.6822612778699065,1.4872473362116985
0.4478508968410386,4.990422035217126,0.008760545283398797,0.1855086092354249
1.672520622153642,14.524952234076656,0.00732443941944935,1.6440509278930415
1.6629900731169154,12.34220562454369,0.291837806830602,0.17365968504373863
